{
  "$schema": "http://json-schema.org/draft-07/schema#",
  "type": "object",
  "properties": {
    "username": { "type": "string" },
    "watchlists": {
      "type": "array",
      "items": {
        "type": "object",
        "properties": {
          "name": { "type": "string" },
          "items": {
            "type": "array",
            "items": {
              "type": "object",
              "properties": {
                "itemID": { "type": "string" },
                "status": { "type": "string", "enum": ["A voir", "En cours", "Terminé", "Abandonné"] }
              },
              "required": ["itemID", "status"]
            }
          }
        },
        "required": ["name", "items"]
      }
    }
  },
  "required": ["username", "watchlists"]
}
