{
    "title": "Watchlist",
    "type": "object",
    "properties": {
      "userId": { "type": "string" },
      "items": {
        "type": "array",
        "items": {
          "type": "object",
          "properties": {
            "itemId": { "type": "string" },
            "status": { "type": "string", "enum": ["A voir", "En cours", "Terminé", "Abandonné"] }
          },
          "required": ["itemId", "status"],
          "additionalProperties": false
        }
      },
      "title": { "type": "string" },
      "favorite": { "type": "boolean" },
      "note": { "type": "string" } 
    },
    "required": ["userId", "items", "title"],
    "additionalProperties": false
  }
  